{
  "white": {
    "a1": {
      "x": 0.09767109630373394,
      "y": 0.08899059434478826,
      "z": 0.03759586735173229
    },
    "a2": {
      "x": 0.13083135025907303,
      "y": 0.09254547592855389,
      "z": 0.03466831952752025
    },
    "a3": {
      "x": 0.16381377225515797,
      "y": 0.09640990228183928,
      "z": 0.032186313177893236
    },
    "a4": {
      "x": 0.20081752744180117,
      "y": 0.0995986281466485,
      "z": 0.029362430475176046
    },
    "a5": {
      "x": 0.23808612637353416,
      "y": 0.10310327297473768,
      "z": 0.026285518347219136
    },
    "a6": {
      "x": 0.27510686921004707,
      "y": 0.10545733576411698,
      "z": 0.023004668515003976
    },
    "a7": {
      "x": 0.3118124328883414,
      "y": 0.11089799081865792,
      "z": 0.01954915843093548
    },
    "a8": {
      "x": 0.34786341319960096,
      "y": 0.11484440900076025,
      "z": 0.017316501286782734
    },
    "b1": {
      "x": 0.0942015436916396,
      "y": 0.060784731094026344,
      "z": 0.040508749388152104
    },
    "b2": {
      "x": 0.12784413394802438,
      "y": 0.06560325230451099,
      "z": 0.036513193170773214
    },
    "b3": {
      "x": 0.16032734378833394,
      "y": 0.0656943707239493,
      "z": 0.033267082529990735
    },
    "b4": {
      "x": 0.19940693490553946,
      "y": 0.07092029086681766,
      "z": 0.030299181539013897
    },
    "b5": {
      "x": 0.23459637314046847,
      "y": 0.07390241272730524,
      "z": 0.027252664567761917
    },
    "b6": {
      "x": 0.2723782888513247,
      "y": 0.07320695950077195,
      "z": 0.02443905606066059
    },
    "b7": {
      "x": 0.3096963659653759,
      "y": 0.0762007828217968,
      "z": 0.020837878626324607
    },
    "b8": {
      "x": 0.35394890650257366,
      "y": 0.08253217195032254,
      "z": 0.017916887312878646
    },
    "c1": {
      "x": 0.09175004819310793,
      "y": 0.036944010029248735,
      "z": 0.04241017172927504
    },
    "c2": {
      "x": 0.12378483649983299,
      "y": 0.03940919974504536,
      "z": 0.03820138932566028
    },
    "c3": {
      "x": 0.1591944435386903,
      "y": 0.04174914934248503,
      "z": 0.03439302242972314
    },
    "c4": {
      "x": 0.19640767491787092,
      "y": 0.043596624720527,
      "z": 0.03146060805565755
    },
    "c5": {
      "x": 0.23283807262579367,
      "y": 0.044661570665433255,
      "z": 0.027612356920437495
    },
    "c6": {
      "x": 0.27144441428534133,
      "y": 0.04524422793048976,
      "z": 0.024652439847580143
    },
    "c7": {
      "x": 0.3111066267865622,
      "y": 0.04748508753782462,
      "z": 0.020830761961736388
    },
    "c8": {
      "x": 0.3513548780223401,
      "y": 0.05034960606969312,
      "z": 0.01920327621617146
    },
    "d1": {
      "x": 0.0890520285097694,
      "y": 0.011243317671700089,
      "z": 0.043808296962340385
    },
    "d2": {
      "x": 0.1235514725802353,
      "y": 0.012741300370870347,
      "z": 0.03910444297437887
    },
    "d3": {
      "x": 0.15772850854239387,
      "y": 0.013601526954064759,
      "z": 0.03495716060807541
    },
    "d4": {
      "x": 0.19551707422864942,
      "y": 0.015362254741313175,
      "z": 0.03171431402130172
    },
    "d5": {
      "x": 0.23313019880419858,
      "y": 0.01582062230597366,
      "z": 0.02836296807432115
    },
    "d6": {
      "x": 0.27144399697333216,
      "y": 0.015517509259297006,
      "z": 0.024874738128212878
    },
    "d7": {
      "x": 0.3108796796260654,
      "y": 0.01682270746801633,
      "z": 0.021435755590678424
    },
    "d8": {
      "x": 0.3534812687797066,
      "y": 0.019128017589495994,
      "z": 0.018783481197674215
    },
    "e1": {
      "x": 0.08934840331075296,
      "y": -0.011689591604792491,
      "z": 0.04375393263547568
    },
    "e2": {
      "x": 0.12380003928137202,
      "y": -0.012949346433395688,
      "z": 0.03890685072932594
    },
    "e3": {
      "x": 0.15803041612540736,
      "y": -0.013132871823391326,
      "z": 0.03474755970298983
    },
    "e4": {
      "x": 0.19400879499276802,
      "y": -0.011967238527717437,
      "z": 0.03144006255462395
    },
    "e5": {
      "x": 0.23146150380235317,
      "y": -0.01145059171759811,
      "z": 0.028069967426019762
    },
    "e6": {
      "x": 0.2700459696035689,
      "y": -0.01130015194746308,
      "z": 0.0251950630827463
    },
    "e7": {
      "x": 0.3111357683239654,
      "y": -0.011122605828456571,
      "z": 0.02142013825471957
    },
    "e8": {
      "x": 0.34806155352513185,
      "y": -0.011912270732178248,
      "z": 0.019446847741558262
    },
    "f1": {
      "x": 0.09133078320706635,
      "y": -0.0331034050999846,
      "z": 0.04265939355488678
    },
    "f2": {
      "x": 0.12611885684480692,
      "y": -0.035333016490687465,
      "z": 0.03819157402181976
    },
    "f3": {
      "x": 0.15981465140530496,
      "y": -0.03622969262624197,
      "z": 0.03431378815603775
    },
    "f4": {
      "x": 0.198982653735603,
      "y": -0.040041571719439416,
      "z": 0.031013792554333453
    },
    "f5": {
      "x": 0.23471359347769052,
      "y": -0.041312681046168385,
      "z": 0.027725673118076277
    },
    "f6": {
      "x": 0.2712003305370692,
      "y": -0.04137625764960022,
      "z": 0.024603698578083782
    },
    "f7": {
      "x": 0.3109571561827535,
      "y": -0.04260998962824476,
      "z": 0.02146320501471563
    },
    "f8": {
      "x": 0.3557894145266025,
      "y": -0.042698428433328495,
      "z": 0.0192617338087656
    },
    "g1": {
      "x": 0.09817219101901332,
      "y": -0.05979895205136591,
      "z": 0.04030676139338109
    },
    "g2": {
      "x": 0.12717559389540511,
      "y": -0.06258300433143517,
      "z": 0.036919624378342744
    },
    "g3": {
      "x": 0.15940016302224516,
      "y": -0.0647365854095521,
      "z": 0.03382793299716744
    },
    "g4": {
      "x": 0.2003393221965631,
      "y": -0.06748142873911624,
      "z": 0.030555121968582316
    },
    "g5": {
      "x": 0.23708984576487616,
      "y": -0.0715101326554067,
      "z": 0.02691281790999482
    },
    "g6": {
      "x": 0.27631787599520624,
      "y": -0.07379606276009784,
      "z": 0.02391257095385943
    },
    "g7": {
      "x": 0.31529527851006406,
      "y": -0.07552437946937676,
      "z": 0.020421898884264586
    },
    "g8": {
      "x": 0.35489827495244497,
      "y": -0.07648901165294773,
      "z": 0.01797264807695556
    },
    "h1": {
      "x": 0.10293020628693567,
      "y": -0.08524378732386087,
      "z": 0.03778134343649024
    },
    "h2": {
      "x": 0.13526576455056538,
      "y": -0.09140893417517601,
      "z": 0.03448828182496379
    },
    "h3": {
      "x": 0.17118623585048393,
      "y": -0.09248963764310511,
      "z": 0.03194757977757315
    },
    "h4": {
      "x": 0.20695595872211192,
      "y": -0.09718921015870041,
      "z": 0.028906233223709943
    },
    "h5": {
      "x": 0.23948030171614965,
      "y": -0.09810945688398603,
      "z": 0.026003491494606762
    },
    "h6": {
      "x": 0.27837976784203033,
      "y": -0.10282206036137576,
      "z": 0.02307710108666622
    },
    "h7": {
      "x": 0.3188223822881271,
      "y": -0.10255028469039142,
      "z": 0.020456296078654193
    },
    "h8": {
      "x": 0.35910358871544523,
      "y": -0.10652515312950528,
      "z": 0.01715608005686424
    },
    "k": [
      {
        "x": 0,
        "y": 0,
        "z": 0
      }
    ],
    "K": [
      {
        "x": 0,
        "y": 0,
        "z": 0
      }
    ],
    "q": [
      {
        "x": 0,
        "y": 0,
        "z": 0
      },
      {
        "x": 0,
        "y": 0,
        "z": 0
      }
    ],
    "Q": [
      {
        "x": 0,
        "y": 0,
        "z": 0
      },
      {
        "x": 0,
        "y": 0,
        "z": 0
      }
    ],
    "b": [
      {
        "x": 0,
        "y": 0,
        "z": 0
      },
      {
        "x": 0,
        "y": 0,
        "z": 0
      },
      {
        "x": 0,
        "y": 0,