{
  "white": {
    "a1": {
      "x": 0.14488007760067587,
      "y": 0.11665565330753058,
      "z": 0.0517014756236478
    },
    "a2": {
      "x": 0.17722319010923784,
      "y": 0.11524678730472057,
      "z": 0.051764374154278
    },
    "a3": {
      "x": 0.21276264619690807,
      "y": 0.11575223219614268,
      "z": 0.052015961280060356
    },
    "a4": {
      "x": 0.24775497978434183,
      "y": 0.115109674562394,
      "z": 0.05188773961809862
    },
    "a5": {
      "x": 0.28287733316763397,
      "y": 0.11278908151780051,
      "z": 0.051436133066740344
    },
    "a6": {
      "x": 0.3206794683273534,
      "y": 0.11298538719210535,
      "z": 0.0505967899312636
    },
    "a7": {
      "x": 0.3565147619194019,
      "y": 0.11151549015872031,
      "z": 0.05069793441118938
    },
    "a8": {
      "x": 0.39360052239565796,
      "y": 0.11236881224964715,
      "z": 0.05097503953357056
    },
    "b1": {
      "x": 0.14261334110742377,
      "y": 0.08222446114515268,
      "z": 0.05255266250105153
    },
    "b2": {
      "x": 0.1764220172370497,
      "y": 0.08204766395630557,
      "z": 0.05162780190596516
    },
    "b3": {
      "x": 0.21197348377668618,
      "y": 0.08227659289981633,
      "z": 0.051306139399099795
    },
    "b4": {
      "x": 0.24819101558056278,
      "y": 0.08197601756272035,
      "z": 0.051700300627525224
    },
    "b5": {
      "x": 0.28362651558192525,
      "y": 0.0790939628758229,
      "z": 0.05119783347486155
    },
    "b6": {
      "x": 0.319453248780782,
      "y": 0.078251660745126,
      "z": 0.05119426122843572
    },
    "b7": {
      "x": 0.3549908307198663,
      "y": 0.07678477264106807,
      "z": 0.050077247723329624
    },
    "b8": {
      "x": 0.3912964401185704,
      "y": 0.07646170373164678,
      "z": 0.05138093914543243
    },
    "c1": {
      "x": 0.14088863726365872,
      "y": 0.04890993867125324,
      "z": 0.05264010110885558
    },
    "c2": {
      "x": 0.17423578070346954,
      "y": 0.04705835633644357,
      "z": 0.05195084943445715
    },
    "c3": {
      "x": 0.21075141039919734,
      "y": 0.0480277997304251,
      "z": 0.05124975756999201
    },
    "c4": {
      "x": 0.24684367012485167,
      "y": 0.045856695568435524,
      "z": 0.05157867709618324
    },
    "c5": {
      "x": 0.2816420428743549,
      "y": 0.045213294458109565,
      "z": 0.051158907655886265
    },
    "c6": {
      "x": 0.3175444697758354,
      "y": 0.04212948388797626,
      "z": 0.050680494313048115
    },
    "c7": {
      "x": 0.3538853942069194,
      "y": 0.041412550709390754,
      "z": 0.049768264566454834
    },
    "c8": {
      "x": 0.3877105202737679,
      "y": 0.03734792444228361,
      "z": 0.05162778404100603
    },
    "d1": {
      "x": 0.13804209278152663,
      "y": 0.014676500418162488,
      "z": 0.053176130011747196
    },
    "d2": {
      "x": 0.17496398763171572,
      "y": 0.012845970044954717,
      "z": 0.05227352681691549
    },
    "d3": {
      "x": 0.2096400007670744,
      "y": 0.011903616163889288,
      "z": 0.05144867027516229
    },
    "d4": {
      "x": 0.24575498251990974,
      "y": 0.010699243244733446,
      "z": 0.051705904419622646
    },
    "d5": {
      "x": 0.28044863676181536,
      "y": 0.007227685141937315,
      "z": 0.05122981948376007
    },
    "d6": {
      "x": 0.3162147626884166,
      "y": 0.007463241993787377,
      "z": 0.0509123166282007
    },
    "d7": {
      "x": 0.3511321949041467,
      "y": 0.0071332302761465335,
      "z": 0.04965488730675793
    },
    "d8": {
      "x": 0.39347865054203945,
      "y": 0.007622559146876826,
      "z": 0.05162778404100603
    },
    "e1": {
      "x": 0.13900819868489717,
      "y": -0.017217901631290222,
      "z": 0.052781354427560434
    },
    "e2": {
      "x": 0.1732652557276475,
      "y": -0.018837272044630156,
      "z": 0.05203946008935416
    },
    "e3": {
      "x": 0.2078070524201852,
      "y": -0.021774484395925792,
      "z": 0.051492421407452256
    },
    "e4": {
      "x": 0.24484556091621693,
      "y": -0.024475249214082867,
      "z": 0.05133274422337251
    },
    "e5": {
      "x": 0.2794503396427744,
      "y": -0.02679422678404926,
      "z": 0.05148448369228838
    },
    "e6": {
      "x": 0.31653767564479507,
      "y": -0.025544145994217244,
      "z": 0.05050591185744694
    },
    "e7": {
      "x": 0.35124961892318013,
      "y": -0.0268122736884181,
      "z": 0.04993418263090832
    },
    "e8": {
      "x": 0.38939647339417305,
      "y": -0.02782682451966458,
      "z": 0.05172876191910718
    },
    "f1": {
      "x": 0.1394893773128705,
      "y": -0.05260201277502947,
      "z": 0.052888249224224235
    },
    "f2": {
      "x": 0.173389855939226,
      "y": -0.052696403252722526,
      "z": 0.05204807062982694
    },
    "f3": {
      "x": 0.20706455650445857,
      "y": -0.05524992904344016,
      "z": 0.051600215877870254
    },
    "f4": {
      "x": 0.244111009234348,
      "y": -0.05670754375649823,
      "z": 0.05205904500909235
    },
    "f5": {
      "x": 0.28052422905854013,
      "y": -0.05997888632930147,
      "z": 0.05160164971146549
    },
    "f6": {
      "x": 0.3161272839493052,
      "y": -0.058462082249965276,
      "z": 0.05197143250114053
    },
    "f7": {
      "x": 0.3504081404384328,
      "y": -0.06224947676502555,
      "z": 0.05078155656077831
    },
    "f8": {
      "x": 0.38813785697833786,
      "y": -0.0634117650350713,
      "z": 0.05162778404100603
    },
    "g1": {
      "x": 0.13847898571358733,
      "y": -0.0864146159867121,
      "z": 0.05280501985754104
    },
    "g2": {
      "x": 0.17182581669855482,
      "y": -0.08991437908622955,
      "z": 0.05227929834759321
    },
    "g3": {
      "x": 0.20714342575642827,
      "y": -0.08879863252269002,
      "z": 0.05188195348769815
    },
    "g4": {
      "x": 0.24458944330495638,
      "y": -0.09305663353668925,
      "z": 0.052462836013867184
    },
    "g5": {
      "x": 0.2786386016863356,
      "y": -0.09289652109486703,
      "z": 0.05165005158812095
    },
    "g6": {
      "x": 0.3153616481606708,
      "y": -0.09559439633953845,
      "z": 0.050999776461903706
    },
    "g7": {
      "x": 0.35219875100596365,
      "y": -0.09693389193246542,
      "z": 0.05041704681228041
    },
    "g8": {
      "x": 0.3873403699951806,
      "y": -0.09827895524265552,
      "z": 0.05212893502566657
    },
    "h1": {
      "x": 0.1384074202444258,
      "y": -0.12086647655002128,
      "z": 0.052282227994852604
    },
    "h2": {
      "x": 0.17398952275352284,
      "y": -0.11997448642525056,
      "z": 0.052046483587250746
    },
    "h3": {
      "x": 0.20853820252623084,
      "y": -0.12443511904881999,
      "z": 0.052180330100814
    },
    "h4": {
      "x": 0.24476544216717627,
      "y": -0.12518931885858858,
      "z": 0.05215312479617009
    },
    "h5": {
      "x": 0.2785763947234707,
      "y": -0.1272866461175459,
      "z": 0.05197508829377563
    },
    "h6": {
      "x": 0.3151799324813767,
      "y": -0.12794216924422408,
      "z": 0.05093156901561155
    },
    "h7": {
      "x": 0.3505995925363112,
      "y": -0.13018599816958046,
      "z": 0.05132311152271645
    },
    "h8": {
      "x": 0.3879981356630191,
      "y": -0.13033781998239596,
      "z": 0.05138954219399996
    },
    "k": [
      {
        "x": 0.2601219276753995,
        "y": 0.29302738983366694,
        "z": 0.03546398767900827
      }
    ],
    "K": [
      {
        "x": 0.27901119029919685,
        "y": -0.30566929185834624,
        "z": 0.03445089268143886
      }
    ],
    "q": [
      {
        "x": 0.29474531687542654,
        "y": 0.29212073779005965,
        "z": 0.03394752363622873
      },
      {
        "x": 0.37415051112263875,
        "y": 0.15673845200335149,
        "z": 0.0352157703759383
      }
    ],
    "Q": [
      {
        "x": 0.24390230075015978,
        "y": -0.3036761092137313,