{
  "white": {
    "a1": {
      "x": 0.12423718110393098,
      "y": 0.11493795906233271,
      "z": 0.03036025000003348
    },
    "a2": {
      "x": 0.1591436643286733,
      "y": 0.11403249525337496,
      "z": 0.030805383883608137
    },
    "a3": {
      "x": 0.19042257625617606,
      "y": 0.11363647196015676,
      "z": 0.030657118705916017
    },
    "a4": {
      "x": 0.23130843560976164,
      "y": 0.11648092655066836,
      "z": 0.030202415578516398
    },
    "a5": {
      "x": 0.2646610080418265,
      "y": 0.11509018169393155,
      "z": 0.02925509580932266
    },
    "a6": {
      "x": 0.3003712944394624,
      "y": 0.11619186800250635,
      "z": 0.028891480676396297
    },
    "a7": {
      "x": 0.33722963103308917,
      "y": 0.11763010343000016,
      "z": 0.028286998340799424
    },
    "a8": {
      "x": 0.37640626084972245,
      "y": 0.1204671518001088,
      "z": 0.02799417291851712
    },
    "b1": {
      "x": 0.12060787074307719,
      "y": 0.08367189802593228,
      "z": 0.03033536668622304
    },
    "b2": {
      "x": 0.15684096296743197,
      "y": 0.08382915666939522,
      "z": 0.03098449948184319
    },
    "b3": {
      "x": 0.19421427239118258,
      "y": 0.08445579521681344,
      "z": 0.03032727711106184
    },
    "b4": {
      "x": 0.2305311644688624,
      "y": 0.08317744332731178,
      "z": 0.030042130174805934
    },
    "b5": {
      "x": 0.26521934919038276,
      "y": 0.08399315904686697,
      "z": 0.02934325729689334
    },
    "b6": {
      "x": 0.3033335198796528,
      "y": 0.08549997632627217,
      "z": 0.02898672742172484
    },
    "b7": {
      "x": 0.33953115409417617,
      "y": 0.08463850757520189,
      "z": 0.027693382456091084
    },
    "b8": {
      "x": 0.3772209515053783,
      "y": 0.08735353703737148,
      "z": 0.02860899332101942
    },
    "c1": {
      "x": 0.12220015325947216,
      "y": 0.050289037685911496,
      "z": 0.03065495872599587
    },
    "c2": {
      "x": 0.15682988912066012,
      "y": 0.05124730442593485,
      "z": 0.031742470792309324
    },
    "c3": {
      "x": 0.1920384445868451,
      "y": 0.05349903008855487,
      "z": 0.030602649389710468
    },
    "c4": {
      "x": 0.22870351580383053,
      "y": 0.05259455845247695,
      "z": 0.03075934401105586
    },
    "c5": {
      "x": 0.2648840512397756,
      "y": 0.051644857733135006,
      "z": 0.02989098894606118
    },
    "c6": {
      "x": 0.29950421662500265,
      "y": 0.051327764757344116,
      "z": 0.02935168893004933
    },
    "c7": {
      "x": 0.33263585226853115,
      "y": 0.05180772203617543,
      "z": 0.02852031083601833
    },
    "c8": {
      "x": 0.37274570740069035,
      "y": 0.05283612394995209,
      "z": 0.028877624108818833
    },
    "d1": {
      "x": 0.12358254875468741,
      "y": 0.01963334224667154,
      "z": 0.030115282723918504
    },
    "d2": {
      "x": 0.15879303704963083,
      "y": 0.018822046583148552,
      "z": 0.031933694855505596
    },
    "d3": {
      "x": 0.19276457993724289,
      "y": 0.01810159529672103,
      "z": 0.030859639779675985
    },
    "d4": {
      "x": 0.2315398385089473,
      "y": 0.01819265143962426,
      "z": 0.030619795002252898
    },
    "d5": {
      "x": 0.26613895233831275,
      "y": 0.018874643405816027,
      "z": 0.03002002874819157
    },
    "d6": {
      "x": 0.3018812819324073,
      "y": 0.016796599961971175,
      "z": 0.029298921638450173
    },
    "d7": {
      "x": 0.3369193424501884,
      "y": 0.017717571821990602,
      "z": 0.02804520825629303
    },
    "d8": {
      "x": 0.37564717036437806,
      "y": 0.020900915774134155,
      "z": 0.02856915560966472
    },
    "e1": {
      "x": 0.1240154320165393,
      "y": -0.011828092177960488,
      "z": 0.030783099327960974
    },
    "e2": {
      "x": 0.16010515221388044,
      "y": -0.011589285540394335,
      "z": 0.03163167849773957
    },
    "e3": {
      "x": 0.19340119987153367,
      "y": -0.013407794324955388,
      "z": 0.03073668573271121
    },
    "e4": {
      "x": 0.2318956168286646,
      "y": -0.0128876793413797,
      "z": 0.030715331105964416
    },
    "e5": {
      "x": 0.2663386819449834,
      "y": -0.01398879961058863,
      "z": 0.029812565233287402
    },
    "e6": {
      "x": 0.30338334952763746,
      "y": -0.013157729939868032,
      "z": 0.029341214552191686
    },
    "e7": {
      "x": 0.33772998930273807,
      "y": -0.012073306671548855,
      "z": 0.02852546698852962
    },
    "e8": {
      "x": 0.3737450743995234,
      "y": -0.01108309718527993,
      "z": 0.029445570118940917
    },
    "f1": {
      "x": 0.12501894237309424,
      "y": -0.04835153314255448,
      "z": 0.03069100441248557
    },
    "f2": {
      "x": 0.1615325527921616,
      "y": -0.0439315068346681,
      "z": 0.03160262213995703
    },
    "f3": {
      "x": 0.194649263668015,
      "y": -0.043504130934875374,
      "z": 0.03106368214995983
    },
    "f4": {
      "x": 0.23134424963394962,
      "y": -0.04399470617726638,
      "z": 0.030469765888789385
    },
    "f5": {
      "x": 0.268633935811609,
      "y": -0.04559886182618976,
      "z": 0.02998520155278704
    },
    "f6": {
      "x": 0.3016345134528834,
      "y": -0.045080444377941134,
      "z": 0.02966411517618356
    },
    "f7": {
      "x": 0.34100526243312274,
      "y": -0.046727436261066915,
      "z": 0.028495800597513457
    },
    "f8": {
      "x": 0.37843193830295146,
      "y": -0.046000114734905846,
      "z": 0.029405352998069123
    },
    "g1": {
      "x": 0.12693092870036665,
      "y": -0.0773165642979133,
      "z": 0.03047671501191919
    },
    "g2": {
      "x": 0.16118742325243282,
      "y": -0.0774999970635847,
      "z": 0.031574812821017414
    },
    "g3": {
      "x": 0.19175531570749796,
      "y": -0.0765203068793828,
      "z": 0.031566876224991824
    },
    "g4": {
      "x": 0.23408274225181114,
      "y": -0.07805487187587146,
      "z": 0.030968368914624456
    },
    "g5": {
      "x": 0.265122547432482,
      "y": -0.0768935729696247,
      "z": 0.030574319830422123
    },
    "g6": {
      "x": 0.30317703686831976,
      "y": -0.0765363458180121,
      "z": 0.029652524704886052
    },
    "g7": {
      "x": 0.33838607697443146,
      "y": -0.07617023258248294,
      "z": 0.028742276513696707
    },
    "g8": {
      "x": 0.3743763455700277,
      "y": -0.0789000254451506,
      "z": 0.02945340491880262
    },
    "h1": {
      "x": 0.12808786881327472,
      "y": -0.10873468943214663,
      "z": 0.03064014031589102
    },
    "h2": {
      "x": 0.16413382195136592,
      "y": -0.10910708008572666,
      "z": 0.030640415914683736
    },
    "h3": {
      "x": 0.20170490325938037,
      "y": -0.11136987485562509,
      "z": 0.030726324208866104
    },
    "h4": {
      "x": 0.23571834897992613,
      "y": -0.11201282265536036,
      "z": 0.02990941103391917
    },
    "h5": {
      "x": 0.2715475695904649,
      "y": -0.11221314712920223,
      "z": 0.029250147258844464
    },
    "h6": {
      "x": 0.30729813412780776,
      "y": -0.11191152183493608,
      "z": 0.028782495450399667
    },
    "h7": {
      "x": 0.34364692999772606,
      "y": -0.11400817797264455,
      "z": 0.02887832108770902
    },
    "h8": {
      "x": 0.38250598409181813,
      "y": -0.11346728300345864,
      "z": 0.02822484870485227
    },
    "k": [
      {
        "x": 0,
        "y": 0,
        "z": 200
      }
    ],
    "K": [
      {
        "x": 0,
        "y": 0,
        "z": 200
      }
    ],
    "q": [
      {
        "x": 0,
        "y": 0,
        "z": 200
      },
      {
        "x": 0,
        "y": 0,
        "z": 200
      }
    ],
    "Q": [
      {
        "x": 0,
        "y": 0,
        "z": 200
      },
      {
        "x": 0,
        "y": 0,
        "z": 200
      }
    ],
    "b": [
      {
        "x": 0,
        "y": 0,
        "z": 200
      },
      {
        "x": 0,
        "y": 0,
        "z": 200
      },
      {
        "x": 0,