{
  "white": {
    "a1": {
      "x": 0.14121889676392613,
      "y": 0.11790179863258311,
      "z": 0.05199848441293871
    },
    "a2": {
      "x": 0.17379125071286097,
      "y": 0.12056115778006782,
      "z": 0.05159791127755634
    },
    "a3": {
      "x": 0.20925779349678383,
      "y": 0.1211559461130288,
      "z": 0.05206081443688446
    },
    "a4": {
      "x": 0.24536986538682357,
      "y": 0.12269294986860332,
      "z": 0.05178008472403608
    },
    "a5": {
      "x": 0.28089279953553997,
      "y": 0.12207547478619866,
      "z": 0.05127644263855396
    },
    "a6": {
      "x": 0.31624594042898,
      "y": 0.12278660047722473,
      "z": 0.050377977636645185
    },
    "a7": {
      "x": 0.3524173778458761,
      "y": 0.12233482129395869,
      "z": 0.05057104169495782
    },
    "a8": {
      "x": 0.3901607189696983,
      "y": 0.12310284051810211,
      "z": 0.05082731352723226
    },
    "b1": {
      "x": 0.14084760343012728,
      "y": 0.08276093354112252,
      "z": 0.05241335999464386
    },
    "b2": {
      "x": 0.17426906144458962,
      "y": 0.085869082273028,
      "z": 0.05189117382003098
    },
    "b3": {
      "x": 0.21035986648693905,
      "y": 0.08711097720543884,
      "z": 0.051788317617899586
    },
    "b4": {
      "x": 0.24519560674495844,
      "y": 0.08719259765587385,
      "z": 0.05184986498284348
    },
    "b5": {
      "x": 0.2808988861380064,
      "y": 0.08376888511548769,
      "z": 0.05143124876618027
    },
    "b6": {
      "x": 0.3173785169224801,
      "y": 0.08628050425627605,
      "z": 0.05135422650036674
    },
    "b7": {
      "x": 0.353232270316514,
      "y": 0.0869071375215907,
      "z": 0.05032004750488848
    },
    "b8": {
      "x": 0.3900825027962011,
      "y": 0.08701415192295005,
      "z": 0.05127527528245725
    },
    "c1": {
      "x": 0.14024733593011265,
      "y": 0.05132086586613301,
      "z": 0.05265853754165168
    },
    "c2": {
      "x": 0.17380644455668198,
      "y": 0.05658258639452126,
      "z": 0.052197559345659894
    },
    "c3": {
      "x": 0.20776815314600197,
      "y": 0.05482280161105633,
      "z": 0.05180891364866056
    },
    "c4": {
      "x": 0.24529793667404468,
      "y": 0.054287703122961176,
      "z": 0.05173257753733126
    },
    "c5": {
      "x": 0.28046076330423303,
      "y": 0.05231657074918084,
      "z": 0.051867044797224524
    },
    "c6": {
      "x": 0.3171941325991879,
      "y": 0.05303171780455876,
      "z": 0.05099397075184929
    },
    "c7": {
      "x": 0.3509316790024916,
      "y": 0.0522848433373382,
      "z": 0.05008498082132714
    },
    "c8": {
      "x": 0.39012442823817567,
      "y": 0.051302307245672245,
      "z": 0.051435450478767464
    },
    "d1": {
      "x": 0.14049065696555774,
      "y": 0.0175169023624174,
      "z": 0.05311507830673378
    },
    "d2": {
      "x": 0.1748129222559704,
      "y": 0.016369872491598415,
      "z": 0.05252365951921969
    },
    "d3": {
      "x": 0.20792726983755688,
      "y": 0.016170466795033613,
      "z": 0.05169499563614161
    },
    "d4": {
      "x": 0.24597099773036346,
      "y": 0.016745054088609983,
      "z": 0.0522654204235191
    },
    "d5": {
      "x": 0.27977708531177353,
      "y": 0.01587987688470693,
      "z": 0.05165810294590067
    },
    "d6": {
      "x": 0.3157179311970737,
      "y": 0.015537105561162246,
      "z": 0.05118024186135842
    },
    "d7": {
      "x": 0.349913793030907,
      "y": 0.017213350209227516,
      "z": 0.05027268529515054
    },
    "d8": {
      "x": 0.387999731843688,
      "y": 0.01748685539424191,
      "z": 0.05187302008401011
    },
    "e1": {
      "x": 0.1403888923479812,
      "y": -0.01666340106057573,
      "z": 0.05279757903444047
    },
    "e2": {
      "x": 0.17479623910387992,
      "y": -0.016165927332997005,
      "z": 0.05228661276964479
    },
    "e3": {
      "x": 0.20751855525119237,
      "y": -0.01912763337481246,
      "z": 0.0516662473358364
    },
    "e4": {
      "x": 0.24699497874143406,
      "y": -0.016426431442830614,
      "z": 0.05201054604903002
    },
    "e5": {
      "x": 0.28120863178936684,
      "y": -0.019124900740298975,
      "z": 0.05169441600139651
    },
    "e6": {
      "x": 0.3174103997754164,
      "y": -0.01564123273037096,
      "z": 0.05176765705214043
    },
    "e7": {
      "x": 0.35293155880519367,
      "y": -0.017135209696368173,
      "z": 0.050502055826606426
    },
    "e8": {
      "x": 0.3909119669367949,
      "y": -0.01703311600614839,
      "z": 0.05134516500664844
    },
    "f1": {
      "x": 0.14088762178418338,
      "y": -0.049431653824304686,
      "z": 0.05285344850211694
    },
    "f2": {
      "x": 0.17558351298029445,
      "y": -0.04895390413877178,
      "z": 0.052103800001559696
    },
    "f3": {
      "x": 0.20987031226259512,
      "y": -0.051252786599962206,
      "z": 0.05152392993547078
    },
    "f4": {
      "x": 0.24608323694954973,
      "y": -0.05073171364082456,
      "z": 0.05180070569221813
    },
    "f5": {
      "x": 0.28106967475699035,
      "y": -0.0525751914921522,
      "z": 0.051495939130266614
    },
    "f6": {
      "x": 0.31618619166278816,
      "y": -0.051316751449264675,
      "z": 0.05109518065788202
    },
    "f7": {
      "x": 0.35289606934912293,
      "y": -0.05222044340020859,
      "z": 0.05054012552338253
    },
    "f8": {
      "x": 0.3892769449769081,
      "y": -0.05104253307305317,
      "z": 0.05158268300153941
    },
    "g1": {
      "x": 0.14257485076370235,
      "y": -0.08438187549346154,
      "z": 0.052750202102659315
    },
    "g2": {
      "x": 0.17505659326829276,
      "y": -0.08406570236144019,
      "z": 0.05222937476844961
    },
    "g3": {
      "x": 0.2111634863964619,
      "y": -0.08370925788359203,
      "z": 0.052200819801191164
    },
    "g4": {
      "x": 0.24805923860092208,
      "y": -0.0860454257360996,
      "z": 0.05252352988333425
    },
    "g5": {
      "x": 0.2807205971238469,
      "y": -0.08577810153301936,
      "z": 0.05190804738612284
    },
    "g6": {
      "x": 0.318193101801013,
      "y": -0.08543418906935861,
      "z": 0.05116652816425217
    },
    "g7": {
      "x": 0.3551339737487533,
      "y": -0.0882202711134113,
      "z": 0.05112259839749682
    },
    "g8": {
      "x": 0.3926245063176328,
      "y": -0.08670261834894157,
      "z": 0.05134491027638096
    },
    "h1": {
      "x": 0.14060000269067735,
      "y": -0.1184833140382574,
      "z": 0.052476095167777924
    },
    "h2": {
      "x": 0.1750352231101008,
      "y": -0.11830941498273137,
      "z": 0.05209991708409174
    },
    "h3": {
      "x": 0.21228926568142237,
      "y": -0.11471233240639726,
      "z": 0.05261872868086387
    },
    "h4": {
      "x": 0.24753083384962488,
      "y": -0.11770791881860904,
      "z": 0.05223488852534985
    },
    "h5": {
      "x": 0.28288057158174384,
      "y": -0.11768198837226015,
      "z": 0.05154034224357065
    },
    "h6": {
      "x": 0.31976273336004324,
      "y": -0.11991433052603849,
      "z": 0.05140107911484969
    },
    "h7": {
      "x": 0.3553190701304118,
      "y": -0.12063918060011646,
      "z": 0.051063526417712286
    },
    "h8": {
      "x": 0.39162282918334523,
      "y": -0.12178385688340831,
      "z": 0.05076900973642376
    },
    "k": [
      {
        "x": 0.26370991893233325,
        "y": -0.22301901641479163,
        "z": 0.03604817284595063
      }
    ],
    "K": [
      {
        "x": 0.26370991893233325,
        "y": -0.22301901641479163,
        "z": 0.03604817284595063
      }
    ],
    "q": [
      {
        "x": 0.26370991893233325,
        "y": -0.22301901641479163,
        "z": 0.03604817284595063
      },
      {
        "x": 0.2637616415561832,
        "y": -0.22307122057947276,
        "z": 0.036064532562807866
      }
    ],
    "Q": [
      {
        "x": 0.26370991893233325,
        "y": -0.22301901641479163,